step,return,length,success
16384,1.5475012,214.5,1.0
32768,0.5105566,344.6666666666667,1.0
