step,return,length,success
4096,2.2000005,130.0,1.0
8192,2.2000005,130.0,1.0
12288,0.5849961,355.5,1.0
16384,-5.066304,918.625,0.1875
20480,-5.1297607,923.4117647058823,0.17647058823529413
24576,-5.1297607,923.4117647058823,0.17647058823529413
28672,-4.5311832,879.5909090909091,0.3181818181818182
32768,-4.478379,894.4545454545455,0.3333333333333333
36864,-4.3796163,885.6285714285714,0.34285714285714286
40960,-4.2655835,877.6756756756756,0.3783783783783784
