step,return,length,success
16384,2.185001,129.5,1.0
32768,0.43222272,351.55555555555554,1.0
49152,-0.58562636,479.0,1.0
