step,return,length,success
16384,1.9450009,159.0,1.0
32768,0.8092861,308.0,1.0
49152,-0.6064294,479.7142857142857,1.0
65536,-4.8625484,875.6666666666666,0.30303030303030304
